{
  "encode_mb": 10000,
  "passes": 1,
  "samples": 5,
  "tokens": 2279617884,
  "wall_s": 123.2366042137146,
  "variants": {
    "main": [
      1012.1457489878542,
      958.7727708533079,
      973.7098344693281,
      914.9130832570905,
      908.2652134423253
    ],
    "st2r3": [
      1026.694045174538,
      1038.4215991692627,
      1031.9917440660477,
      1003.0090270812436,
      991.0802775024778
    ]
  }
}