{
 "main": [
  9025.270758122744,
  8976.660682226211,
  9000.900090009001,
  8952.551477170993,
  8904.719501335709,
  9124.087591240876,
  8904.719501335709
 ],
 "r3final": [
  9615.384615384615,
  9680.542110358181,
  9505.703422053231,
  9569.377990430623,
  9578.54406130268,
  9496.67616334283,
  9532.888465204958
 ]
}