{
 "main": [
  7968.127490039842,
  7968.127490039842,
  7898.894154818325,
  7886.435331230284,
  7936.507936507936,
  7855.459544383347,
  7874.015748031496
 ],
 "r3final": [
  8474.57627118644,
  8431.703204047219,
  8453.085376162298,
  8382.229673093043,
  8382.229673093043,
  8410.428931875525,
  8361.204013377926
 ]
}