{
  "encode_mb": 10000,
  "passes": 1,
  "samples": 7,
  "tokens": 2279617884,
  "wall_s": 531.2551670074463,
  "variants": {
    "st2r3": [
      1117.31843575419,
      1097.694840834248,
      1108.6474501108648,
      1114.8272017837235,
      1107.419712070875,
      1085.7763300760043,
      1111.111111111111
    ],
    "r3a": [
      1102.5358324145534,
      1106.1946902654868,
      1109.8779134295228,
      1086.9565217391305,
      1068.3760683760684,
      1098.901098901099,
      1101.3215859030838
    ],
    "r3b": [
      1113.58574610245,
      1114.8272017837235,
      1096.4912280701756,
      1108.6474501108648,
      1092.8961748633878,
      1101.3215859030838,
      1095.2902519167578
    ],
    "r3d": [
      1124.859392575928,
      1122.334455667789,
      1121.0762331838564,
      1112.3470522803113,
      1102.5358324145534,
      1103.7527593818984,
      1119.8208286674133
    ],
    "D8": [
      1108.6474501108648,
      1097.694840834248,
      1095.2902519167578,
      1107.419712070875,
      1091.703056768559,
      1103.7527593818984,
      1095.2902519167578
    ],
    "CH512": [
      1118.5682326621923,
      1122.334455667789,
      1123.5955056179773,
      1128.6681715575621,
      1102.5358324145534,
      1107.419712070875,
      1122.334455667789
    ],
    "CH128": [
      1069.51871657754,
      1064.9627263045793,
      1063.8297872340424,
      1047.1204188481674,
      1044.932079414838,
      1062.6992561105208,
      1042.752867570386
    ]
  }
}