{
  "encode_mb": 10000,
  "passes": 1,
  "samples": 3,
  "tokens": 2279617884,
  "wall_s": 238.94275498390198,
  "variants": {
    "st2r3": [
      1019.367991845056,
      1068.3760683760684,
      1064.9627263045793
    ],
    "r3a": [
      1044.932079414838,
      1083.4236186348862,
      1078.7486515641856
    ],
    "r3b": [
      1043.8413361169103,
      1071.8113612004288,
      1089.3246187363834
    ],
    "r3d": [
      1042.752867570386,
      1096.4912280701756,
      1091.703056768559
    ],
    "D8": [
      1066.0980810234541,
      1050.420168067227,
      1066.0980810234541
    ],
    "CH512": [
      1091.703056768559,
      1100.1100110011,
      1101.3215859030838
    ],
    "CH128": [
      1004.016064257028,
      1025.6410256410256,
      1023.5414534288639
    ]
  }
}