{
  "encode_mb": 10000,
  "passes": 1,
  "samples": 7,
  "tokens": 2279617884,
  "wall_s": 226.30567121505737,
  "variants": {
    "main": [
      1076.4262648008614,
      1074.1138560687432,
      1061.5711252653928,
      1060.4453870625662,
      1053.740779768177,
      1061.5711252653928,
      1052.6315789473683
    ],
    "st2r3": [
      1154.7344110854503,
      1144.1647597254005,
      1145.475372279496,
      1126.126126126126,
      1129.9435028248588,
      1140.2508551881413,
      1123.5955056179773
    ],
    "r3final": [
      1172.332942555686,
      1162.7906976744187,
      1156.0693641618498,
      1157.4074074074074,
      1150.7479861910242,
      1142.857142857143,
      1157.4074074074074
    ]
  }
}